alias,location_id,alias_type,match_type,case_sensitive,requires_context,notes
hà nội,LOC_VN63_01,canonical,token_boundary,0,0,
ha noi,LOC_VN63_01,unaccented,token_boundary,0,0,
thành phố hà nội,LOC_VN63_01,official,token_boundary,0,0,
thanh pho ha noi,LOC_VN63_01,unaccented,token_boundary,0,0,
tp. hà nội,LOC_VN63_01,name_variant,token_boundary,0,0,
tp. ha noi,LOC_VN63_01,unaccented,token_boundary,0,0,
tp.hà nội,LOC_VN63_01,name_variant,token_boundary,0,0,
tp.ha noi,LOC_VN63_01,unaccented,token_boundary,0,0,
tp hà nội,LOC_VN63_01,name_variant,token_boundary,0,0,
tp ha noi,LOC_VN63_01,unaccented,token_boundary,0,0,
ha noi city,LOC_VN63_01,english_name,token_boundary,0,0,
hà giang,LOC_VN63_02,canonical,token_boundary,0,0,
ha giang,LOC_VN63_02,unaccented,token_boundary,0,0,
tỉnh hà giang,LOC_VN63_02,official,token_boundary,0,0,
tinh ha giang,LOC_VN63_02,unaccented,token_boundary,0,0,
t. hà giang,LOC_VN63_02,name_variant,token_boundary,0,0,
t. ha giang,LOC_VN63_02,unaccented,token_boundary,0,0,
t.hà giang,LOC_VN63_02,name_variant,token_boundary,0,0,
t.ha giang,LOC_VN63_02,unaccented,token_boundary,0,0,
ha giang province,LOC_VN63_02,english_name,token_boundary,0,0,
cao bằng,LOC_VN63_04,canonical,token_boundary,0,0,
cao bang,LOC_VN63_04,unaccented,token_boundary,0,0,
tỉnh cao bằng,LOC_VN63_04,official,token_boundary,0,0,
tinh cao bang,LOC_VN63_04,unaccented,token_boundary,0,0,
t. cao bằng,LOC_VN63_04,name_variant,token_boundary,0,0,
t. cao bang,LOC_VN63_04,unaccented,token_boundary,0,0,
t.cao bằng,LOC_VN63_04,name_variant,token_boundary,0,0,
t.cao bang,LOC_VN63_04,unaccented,token_boundary,0,0,
cao bang province,LOC_VN63_04,english_name,token_boundary,0,0,
bắc kạn,LOC_VN63_06,canonical,token_boundary,0,0,
bac kan,LOC_VN63_06,unaccented,token_boundary,0,0,
tỉnh bắc kạn,LOC_VN63_06,official,token_boundary,0,0,
tinh bac kan,LOC_VN63_06,unaccented,token_boundary,0,0,
t. bắc kạn,LOC_VN63_06,name_variant,token_boundary,0,0,
t. bac kan,LOC_VN63_06,unaccented,token_boundary,0,0,
t.bắc kạn,LOC_VN63_06,name_variant,token_boundary,0,0,
t.bac kan,LOC_VN63_06,unaccented,token_boundary,0,0,
bac kan province,LOC_VN63_06,english_name,token_boundary,0,0,
tuyên quang,LOC_VN63_08,canonical,token_boundary,0,0,
tuyen quang,LOC_VN63_08,unaccented,token_boundary,0,0,
tỉnh tuyên quang,LOC_VN63_08,official,token_boundary,0,0,
tinh tuyen quang,LOC_VN63_08,unaccented,token_boundary,0,0,
t. tuyên quang,LOC_VN63_08,name_variant,token_boundary,0,0,
t. tuyen quang,LOC_VN63_08,unaccented,token_boundary,0,0,
t.tuyên quang,LOC_VN63_08,name_variant,token_boundary,0,0,
t.tuyen quang,LOC_VN63_08,unaccented,token_boundary,0,0,
tuyen quang province,LOC_VN63_08,english_name,token_boundary,0,0,
lào cai,LOC_VN63_10,canonical,token_boundary,0,0,
lao cai,LOC_VN63_10,unaccented,token_boundary,0,0,
tỉnh lào cai,LOC_VN63_10,official,token_boundary,0,0,
tinh lao cai,LOC_VN63_10,unaccented,token_boundary,0,0,
t. lào cai,LOC_VN63_10,name_variant,token_boundary,0,0,
t. lao cai,LOC_VN63_10,unaccented,token_boundary,0,0,
t.lào cai,LOC_VN63_10,name_variant,token_boundary,0,0,
t.lao cai,LOC_VN63_10,unaccented,token_boundary,0,0,
lao cai province,LOC_VN63_10,english_name,token_boundary,0,0,
điện biên,LOC_VN63_11,canonical,token_boundary,0,0,
dien bien,LOC_VN63_11,unaccented,token_boundary,0,0,
tỉnh điện biên,LOC_VN63_11,official,token_boundary,0,0,
tinh dien bien,LOC_VN63_11,unaccented,token_boundary,0,0,
t. điện biên,LOC_VN63_11,name_variant,token_boundary,0,0,
t. dien bien,LOC_VN63_11,unaccented,token_boundary,0,0,
t.điện biên,LOC_VN63_11,name_variant,token_boundary,0,0,
t.dien bien,LOC_VN63_11,unaccented,token_boundary,0,0,
dien bien province,LOC_VN63_11,english_name,token_boundary,0,0,
lai châu,LOC_VN63_12,canonical,token_boundary,0,0,
lai chau,LOC_VN63_12,unaccented,token_boundary,0,0,
tỉnh lai châu,LOC_VN63_12,official,token_boundary,0,0,
tinh lai chau,LOC_VN63_12,unaccented,token_boundary,0,0,
t. lai châu,LOC_VN63_12,name_variant,token_boundary,0,0,
t. lai chau,LOC_VN63_12,unaccented,token_boundary,0,0,
t.lai châu,LOC_VN63_12,name_variant,token_boundary,0,0,
t.lai chau,LOC_VN63_12,unaccented,token_boundary,0,0,
lai chau province,LOC_VN63_12,english_name,token_boundary,0,0,
sơn la,LOC_VN63_14,canonical,token_boundary,0,0,
son la,LOC_VN63_14,unaccented,token_boundary,0,0,
tỉnh sơn la,LOC_VN63_14,official,token_boundary,0,0,
tinh son la,LOC_VN63_14,unaccented,token_boundary,0,0,
t. sơn la,LOC_VN63_14,name_variant,token_boundary,0,0,
t. son la,LOC_VN63_14,unaccented,token_boundary,0,0,
t.sơn la,LOC_VN63_14,name_variant,token_boundary,0,0,
t.son la,LOC_VN63_14,unaccented,token_boundary,0,0,
son la province,LOC_VN63_14,english_name,token_boundary,0,0,
yên bái,LOC_VN63_15,canonical,token_boundary,0,0,
yen bai,LOC_VN63_15,unaccented,token_boundary,0,0,
tỉnh yên bái,LOC_VN63_15,official,token_boundary,0,0,
tinh yen bai,LOC_VN63_15,unaccented,token_boundary,0,0,
t. yên bái,LOC_VN63_15,name_variant,token_boundary,0,0,
t. yen bai,LOC_VN63_15,unaccented,token_boundary,0,0,
t.yên bái,LOC_VN63_15,name_variant,token_boundary,0,0,
t.yen bai,LOC_VN63_15,unaccented,token_boundary,0,0,
yen bai province,LOC_VN63_15,english_name,token_boundary,0,0,
hòa bình,LOC_VN63_17,canonical,token_boundary,0,0,
hoa binh,LOC_VN63_17,unaccented,token_boundary,0,0,
tỉnh hòa bình,LOC_VN63_17,official,token_boundary,0,0,
tinh hoa binh,LOC_VN63_17,unaccented,token_boundary,0,0,
t. hòa bình,LOC_VN63_17,name_variant,token_boundary,0,0,
t. hoa binh,LOC_VN63_17,unaccented,token_boundary,0,0,
t.hòa bình,LOC_VN63_17,name_variant,token_boundary,0,0,
t.hoa binh,LOC_VN63_17,unaccented,token_boundary,0,0,
hoa binh province,LOC_VN63_17,english_name,token_boundary,0,0,
thái nguyên,LOC_VN63_19,canonical,token_boundary,0,0,
thai nguyen,LOC_VN63_19,unaccented,token_boundary,0,0,
tỉnh thái nguyên,LOC_VN63_19,official,token_boundary,0,0,
tinh thai nguyen,LOC_VN63_19,unaccented,token_boundary,0,0,
t. thái nguyên,LOC_VN63_19,name_variant,token_boundary,0,0,
t. thai nguyen,LOC_VN63_19,unaccented,token_boundary,0,0,
t.thái nguyên,LOC_VN63_19,name_variant,token_boundary,0,0,
t.thai nguyen,LOC_VN63_19,unaccented,token_boundary,0,0,
thai nguyen province,LOC_VN63_19,english_name,token_boundary,0,0,
lạng sơn,LOC_VN63_20,canonical,token_boundary,0,0,
lang son,LOC_VN63_20,unaccented,token_boundary,0,0,
tỉnh lạng sơn,LOC_VN63_20,official,token_boundary,0,0,
tinh lang son,LOC_VN63_20,unaccented,token_boundary,0,0,
t. lạng sơn,LOC_VN63_20,name_variant,token_boundary,0,0,
t. lang son,LOC_VN63_20,unaccented,token_boundary,0,0,
t.lạng sơn,LOC_VN63_20,name_variant,token_boundary,0,0,
t.lang son,LOC_VN63_20,unaccented,token_boundary,0,0,
lang son province,LOC_VN63_20,english_name,token_boundary,0,0,
quảng ninh,LOC_VN63_22,canonical,token_boundary,0,0,
quang ninh,LOC_VN63_22,unaccented,token_boundary,0,0,
tỉnh quảng ninh,LOC_VN63_22,official,token_boundary,0,0,
tinh quang ninh,LOC_VN63_22,unaccented,token_boundary,0,0,
t. quảng ninh,LOC_VN63_22,name_variant,token_boundary,0,0,
t. quang ninh,LOC_VN63_22,unaccented,token_boundary,0,0,
t.quảng ninh,LOC_VN63_22,name_variant,token_boundary,0,0,
t.quang ninh,LOC_VN63_22,unaccented,token_boundary,0,0,
quang ninh province,LOC_VN63_22,english_name,token_boundary,0,0,
bắc giang,LOC_VN63_24,canonical,token_boundary,0,0,
bac giang,LOC_VN63_24,unaccented,token_boundary,0,0,
tỉnh bắc giang,LOC_VN63_24,official,token_boundary,0,0,
tinh bac giang,LOC_VN63_24,unaccented,token_boundary,0,0,
t. bắc giang,LOC_VN63_24,name_variant,token_boundary,0,0,
t. bac giang,LOC_VN63_24,unaccented,token_boundary,0,0,
t.bắc giang,LOC_VN63_24,name_variant,token_boundary,0,0,
t.bac giang,LOC_VN63_24,unaccented,token_boundary,0,0,
bac giang province,LOC_VN63_24,english_name,token_boundary,0,0,
phú thọ,LOC_VN63_25,canonical,token_boundary,0,0,
phu tho,LOC_VN63_25,unaccented,token_boundary,0,0,
tỉnh phú thọ,LOC_VN63_25,official,token_boundary,0,0,
tinh phu tho,LOC_VN63_25,unaccented,token_boundary,0,0,
t. phú thọ,LOC_VN63_25,name_variant,token_boundary,0,0,
t. phu tho,LOC_VN63_25,unaccented,token_boundary,0,0,
t.phú thọ,LOC_VN63_25,name_variant,token_boundary,0,0,
t.phu tho,LOC_VN63_25,unaccented,token_boundary,0,0,
phu tho province,LOC_VN63_25,english_name,token_boundary,0,0,
vĩnh phúc,LOC_VN63_26,canonical,token_boundary,0,0,
vinh phuc,LOC_VN63_26,unaccented,token_boundary,0,0,
tỉnh vĩnh phúc,LOC_VN63_26,official,token_boundary,0,0,
tinh vinh phuc,LOC_VN63_26,unaccented,token_boundary,0,0,
t. vĩnh phúc,LOC_VN63_26,name_variant,token_boundary,0,0,
t. vinh phuc,LOC_VN63_26,unaccented,token_boundary,0,0,
t.vĩnh phúc,LOC_VN63_26,name_variant,token_boundary,0,0,
t.vinh phuc,LOC_VN63_26,unaccented,token_boundary,0,0,
vinh phuc province,LOC_VN63_26,english_name,token_boundary,0,0,
bắc ninh,LOC_VN63_27,canonical,token_boundary,0,0,
bac ninh,LOC_VN63_27,unaccented,token_boundary,0,0,
tỉnh bắc ninh,LOC_VN63_27,official,token_boundary,0,0,
tinh bac ninh,LOC_VN63_27,unaccented,token_boundary,0,0,
t. bắc ninh,LOC_VN63_27,name_variant,token_boundary,0,0,
t. bac ninh,LOC_VN63_27,unaccented,token_boundary,0,0,
t.bắc ninh,LOC_VN63_27,name_variant,token_boundary,0,0,
t.bac ninh,LOC_VN63_27,unaccented,token_boundary,0,0,
bac ninh province,LOC_VN63_27,english_name,token_boundary,0,0,
hải dương,LOC_VN63_30,canonical,token_boundary,0,0,
hai duong,LOC_VN63_30,unaccented,token_boundary,0,0,
tỉnh hải dương,LOC_VN63_30,official,token_boundary,0,0,
tinh hai duong,LOC_VN63_30,unaccented,token_boundary,0,0,
t. hải dương,LOC_VN63_30,name_variant,token_boundary,0,0,
t. hai duong,LOC_VN63_30,unaccented,token_boundary,0,0,
t.hải dương,LOC_VN63_30,name_variant,token_boundary,0,0,
t.hai duong,LOC_VN63_30,unaccented,token_boundary,0,0,
hai duong province,LOC_VN63_30,english_name,token_boundary,0,0,
hải phòng,LOC_VN63_31,canonical,token_boundary,0,0,
hai phong,LOC_VN63_31,unaccented,token_boundary,0,0,
thành phố hải phòng,LOC_VN63_31,official,token_boundary,0,0,
thanh pho hai phong,LOC_VN63_31,unaccented,token_boundary,0,0,
tp. hải phòng,LOC_VN63_31,name_variant,token_boundary,0,0,
tp. hai phong,LOC_VN63_31,unaccented,token_boundary,0,0,
tp.hải phòng,LOC_VN63_31,name_variant,token_boundary,0,0,
tp.hai phong,LOC_VN63_31,unaccented,token_boundary,0,0,
tp hải phòng,LOC_VN63_31,name_variant,token_boundary,0,0,
tp hai phong,LOC_VN63_31,unaccented,token_boundary,0,0,
hai phong city,LOC_VN63_31,english_name,token_boundary,0,0,
hưng yên,LOC_VN63_33,canonical,token_boundary,0,0,
hung yen,LOC_VN63_33,unaccented,token_boundary,0,0,
tỉnh hưng yên,LOC_VN63_33,official,token_boundary,0,0,
tinh hung yen,LOC_VN63_33,unaccented,token_boundary,0,0,
t. hưng yên,LOC_VN63_33,name_variant,token_boundary,0,0,
t. hung yen,LOC_VN63_33,unaccented,token_boundary,0,0,
t.hưng yên,LOC_VN63_33,name_variant,token_boundary,0,0,
t.hung yen,LOC_VN63_33,unaccented,token_boundary,0,0,
hung yen province,LOC_VN63_33,english_name,token_boundary,0,0,
thái bình,LOC_VN63_34,canonical,token_boundary,0,0,
thai binh,LOC_VN63_34,unaccented,token_boundary,0,0,
tỉnh thái bình,LOC_VN63_34,official,token_boundary,0,0,
tinh thai binh,LOC_VN63_34,unaccented,token_boundary,0,0,
t. thái bình,LOC_VN63_34,name_variant,token_boundary,0,0,
t. thai binh,LOC_VN63_34,unaccented,token_boundary,0,0,
t.thái bình,LOC_VN63_34,name_variant,token_boundary,0,0,
t.thai binh,LOC_VN63_34,unaccented,token_boundary,0,0,
thai binh province,LOC_VN63_34,english_name,token_boundary,0,0,
hà nam,LOC_VN63_35,canonical,token_boundary,0,0,
ha nam,LOC_VN63_35,unaccented,token_boundary,0,0,
tỉnh hà nam,LOC_VN63_35,official,token_boundary,0,0,
tinh ha nam,LOC_VN63_35,unaccented,token_boundary,0,0,
t. hà nam,LOC_VN63_35,name_variant,token_boundary,0,0,
t. ha nam,LOC_VN63_35,unaccented,token_boundary,0,0,
t.hà nam,LOC_VN63_35,name_variant,token_boundary,0,0,
t.ha nam,LOC_VN63_35,unaccented,token_boundary,0,0,
ha nam province,LOC_VN63_35,english_name,token_boundary,0,0,
nam định,LOC_VN63_36,canonical,token_boundary,0,0,
nam dinh,LOC_VN63_36,unaccented,token_boundary,0,0,
tỉnh nam định,LOC_VN63_36,official,token_boundary,0,0,
tinh nam dinh,LOC_VN63_36,unaccented,token_boundary,0,0,
t. nam định,LOC_VN63_36,name_variant,token_boundary,0,0,
t. nam dinh,LOC_VN63_36,unaccented,token_boundary,0,0,
t.nam định,LOC_VN63_36,name_variant,token_boundary,0,0,
t.nam dinh,LOC_VN63_36,unaccented,token_boundary,0,0,
nam dinh province,LOC_VN63_36,english_name,token_boundary,0,0,
ninh bình,LOC_VN63_37,canonical,token_boundary,0,0,
ninh binh,LOC_VN63_37,unaccented,token_boundary,0,0,
tỉnh ninh bình,LOC_VN63_37,official,token_boundary,0,0,
tinh ninh binh,LOC_VN63_37,unaccented,token_boundary,0,0,
t. ninh bình,LOC_VN63_37,name_variant,token_boundary,0,0,
t. ninh binh,LOC_VN63_37,unaccented,token_boundary,0,0,
t.ninh bình,LOC_VN63_37,name_variant,token_boundary,0,0,
t.ninh binh,LOC_VN63_37,unaccented,token_boundary,0,0,
ninh binh province,LOC_VN63_37,english_name,token_boundary,0,0,
thanh hóa,LOC_VN63_38,canonical,token_boundary,0,0,
thanh hoa,LOC_VN63_38,unaccented,token_boundary,0,0,
tỉnh thanh hóa,LOC_VN63_38,official,token_boundary,0,0,
tinh thanh hoa,LOC_VN63_38,unaccented,token_boundary,0,0,
t. thanh hóa,LOC_VN63_38,name_variant,token_boundary,0,0,
t. thanh hoa,LOC_VN63_38,unaccented,token_boundary,0,0,
t.thanh hóa,LOC_VN63_38,name_variant,token_boundary,0,0,
t.thanh hoa,LOC_VN63_38,unaccented,token_boundary,0,0,
thanh hoa province,LOC_VN63_38,english_name,token_boundary,0,0,
nghệ an,LOC_VN63_40,canonical,token_boundary,0,0,
nghe an,LOC_VN63_40,unaccented,token_boundary,0,0,
tỉnh nghệ an,LOC_VN63_40,official,token_boundary,0,0,
tinh nghe an,LOC_VN63_40,unaccented,token_boundary,0,0,
t. nghệ an,LOC_VN63_40,name_variant,token_boundary,0,0,
t. nghe an,LOC_VN63_40,unaccented,token_boundary,0,0,
t.nghệ an,LOC_VN63_40,name_variant,token_boundary,0,0,
t.nghe an,LOC_VN63_40,unaccented,token_boundary,0,0,
nghe an province,LOC_VN63_40,english_name,token_boundary,0,0,
hà tĩnh,LOC_VN63_42,canonical,token_boundary,0,0,
ha tinh,LOC_VN63_42,unaccented,token_boundary,0,0,
tỉnh hà tĩnh,LOC_VN63_42,official,token_boundary,0,0,
tinh ha tinh,LOC_VN63_42,unaccented,token_boundary,0,0,
t. hà tĩnh,LOC_VN63_42,name_variant,token_boundary,0,0,
t. ha tinh,LOC_VN63_42,unaccented,token_boundary,0,0,
t.hà tĩnh,LOC_VN63_42,name_variant,token_boundary,0,0,
t.ha tinh,LOC_VN63_42,unaccented,token_boundary,0,0,
ha tinh province,LOC_VN63_42,english_name,token_boundary,0,0,
quảng bình,LOC_VN63_44,canonical,token_boundary,0,0,
quang binh,LOC_VN63_44,unaccented,token_boundary,0,0,
tỉnh quảng bình,LOC_VN63_44,official,token_boundary,0,0,
tinh quang binh,LOC_VN63_44,unaccented,token_boundary,0,0,
t. quảng bình,LOC_VN63_44,name_variant,token_boundary,0,0,
t. quang binh,LOC_VN63_44,unaccented,token_boundary,0,0,
t.quảng bình,LOC_VN63_44,name_variant,token_boundary,0,0,
t.quang binh,LOC_VN63_44,unaccented,token_boundary,0,0,
quang binh province,LOC_VN63_44,english_name,token_boundary,0,0,
quảng trị,LOC_VN63_45,canonical,token_boundary,0,0,
quang tri,LOC_VN63_45,unaccented,token_boundary,0,0,
tỉnh quảng trị,LOC_VN63_45,official,token_boundary,0,0,
tinh quang tri,LOC_VN63_45,unaccented,token_boundary,0,0,
t. quảng trị,LOC_VN63_45,name_variant,token_boundary,0,0,
t. quang tri,LOC_VN63_45,unaccented,token_boundary,0,0,
t.quảng trị,LOC_VN63_45,name_variant,token_boundary,0,0,
t.quang tri,LOC_VN63_45,unaccented,token_boundary,0,0,
quang tri province,LOC_VN63_45,english_name,token_boundary,0,0,
thừa thiên huế,LOC_VN63_46,canonical,token_boundary,0,0,
thua thien hue,LOC_VN63_46,unaccented,token_boundary,0,0,
tỉnh thừa thiên huế,LOC_VN63_46,official,token_boundary,0,0,
tinh thua thien hue,LOC_VN63_46,unaccented,token_boundary,0,0,
t. thừa thiên huế,LOC_VN63_46,name_variant,token_boundary,0,0,
t. thua thien hue,LOC_VN63_46,unaccented,token_boundary,0,0,
t.thừa thiên huế,LOC_VN63_46,name_variant,token_boundary,0,0,
t.thua thien hue,LOC_VN63_46,unaccented,token_boundary,0,0,
thua thien hue province,LOC_VN63_46,english_name,token_boundary,0,0,
đà nẵng,LOC_VN63_48,canonical,token_boundary,0,0,
da nang,LOC_VN63_48,unaccented,token_boundary,0,0,
thành phố đà nẵng,LOC_VN63_48,official,token_boundary,0,0,
thanh pho da nang,LOC_VN63_48,unaccented,token_boundary,0,0,
tp. đà nẵng,LOC_VN63_48,name_variant,token_boundary,0,0,
tp. da nang,LOC_VN63_48,unaccented,token_boundary,0,0,
tp.đà nẵng,LOC_VN63_48,name_variant,token_boundary,0,0,
tp.da nang,LOC_VN63_48,unaccented,token_boundary,0,0,
tp đà nẵng,LOC_VN63_48,name_variant,token_boundary,0,0,
tp da nang,LOC_VN63_48,unaccented,token_boundary,0,0,
da nang city,LOC_VN63_48,english_name,token_boundary,0,0,
quảng nam,LOC_VN63_49,canonical,token_boundary,0,0,
quang nam,LOC_VN63_49,unaccented,token_boundary,0,0,
tỉnh quảng nam,LOC_VN63_49,official,token_boundary,0,0,
tinh quang nam,LOC_VN63_49,unaccented,token_boundary,0,0,
t. quảng nam,LOC_VN63_49,name_variant,token_boundary,0,0,
t. quang nam,LOC_VN63_49,unaccented,token_boundary,0,0,
t.quảng nam,LOC_VN63_49,name_variant,token_boundary,0,0,
t.quang nam,LOC_VN63_49,unaccented,token_boundary,0,0,
quang nam province,LOC_VN63_49,english_name,token_boundary,0,0,
quảng ngãi,LOC_VN63_51,canonical,token_boundary,0,0,
quang ngai,LOC_VN63_51,unaccented,token_boundary,0,0,
tỉnh quảng ngãi,LOC_VN63_51,official,token_boundary,0,0,
tinh quang ngai,LOC_VN63_51,unaccented,token_boundary,0,0,
t. quảng ngãi,LOC_VN63_51,name_variant,token_boundary,0,0,
t. quang ngai,LOC_VN63_51,unaccented,token_boundary,0,0,
t.quảng ngãi,LOC_VN63_51,name_variant,token_boundary,0,0,
t.quang ngai,LOC_VN63_51,unaccented,token_boundary,0,0,
quang ngai province,LOC_VN63_51,english_name,token_boundary,0,0,
bình định,LOC_VN63_52,canonical,token_boundary,0,0,
binh dinh,LOC_VN63_52,unaccented,token_boundary,0,0,
tỉnh bình định,LOC_VN63_52,official,token_boundary,0,0,
tinh binh dinh,LOC_VN63_52,unaccented,token_boundary,0,0,
t. bình định,LOC_VN63_52,name_variant,token_boundary,0,0,
t. binh dinh,LOC_VN63_52,unaccented,token_boundary,0,0,
t.bình định,LOC_VN63_52,name_variant,token_boundary,0,0,
t.binh dinh,LOC_VN63_52,unaccented,token_boundary,0,0,
binh dinh province,LOC_VN63_52,english_name,token_boundary,0,0,
phú yên,LOC_VN63_54,canonical,token_boundary,0,0,
phu yen,LOC_VN63_54,unaccented,token_boundary,0,0,
tỉnh phú yên,LOC_VN63_54,official,token_boundary,0,0,
tinh phu yen,LOC_VN63_54,unaccented,token_boundary,0,0,
t. phú yên,LOC_VN63_54,name_variant,token_boundary,0,0,
t. phu yen,LOC_VN63_54,unaccented,token_boundary,0,0,
t.phú yên,LOC_VN63_54,name_variant,token_boundary,0,0,
t.phu yen,LOC_VN63_54,unaccented,token_boundary,0,0,
phu yen province,LOC_VN63_54,english_name,token_boundary,0,0,
khánh hòa,LOC_VN63_56,canonical,token_boundary,0,0,
khanh hoa,LOC_VN63_56,unaccented,token_boundary,0,0,
tỉnh khánh hòa,LOC_VN63_56,official,token_boundary,0,0,
tinh khanh hoa,LOC_VN63_56,unaccented,token_boundary,0,0,
t. khánh hòa,LOC_VN63_56,name_variant,token_boundary,0,0,
t. khanh hoa,LOC_VN63_56,unaccented,token_boundary,0,0,
t.khánh hòa,LOC_VN63_56,name_variant,token_boundary,0,0,
t.khanh hoa,LOC_VN63_56,unaccented,token_boundary,0,0,
khanh hoa province,LOC_VN63_56,english_name,token_boundary,0,0,
ninh thuận,LOC_VN63_58,canonical,token_boundary,0,0,
ninh thuan,LOC_VN63_58,unaccented,token_boundary,0,0,
tỉnh ninh thuận,LOC_VN63_58,official,token_boundary,0,0,
tinh ninh thuan,LOC_VN63_58,unaccented,token_boundary,0,0,
t. ninh thuận,LOC_VN63_58,name_variant,token_boundary,0,0,
t. ninh thuan,LOC_VN63_58,unaccented,token_boundary,0,0,
t.ninh thuận,LOC_VN63_58,name_variant,token_boundary,0,0,
t.ninh thuan,LOC_VN63_58,unaccented,token_boundary,0,0,
ninh thuan province,LOC_VN63_58,english_name,token_boundary,0,0,
bình thuận,LOC_VN63_60,canonical,token_boundary,0,0,
binh thuan,LOC_VN63_60,unaccented,token_boundary,0,0,
tỉnh bình thuận,LOC_VN63_60,official,token_boundary,0,0,
tinh binh thuan,LOC_VN63_60,unaccented,token_boundary,0,0,
t. bình thuận,LOC_VN63_60,name_variant,token_boundary,0,0,
t. binh thuan,LOC_VN63_60,unaccented,token_boundary,0,0,
t.bình thuận,LOC_VN63_60,name_variant,token_boundary,0,0,
t.binh thuan,LOC_VN63_60,unaccented,token_boundary,0,0,
binh thuan province,LOC_VN63_60,english_name,token_boundary,0,0,
kon tum,LOC_VN63_62,canonical,token_boundary,0,0,
tỉnh kon tum,LOC_VN63_62,official,token_boundary,0,0,
tinh kon tum,LOC_VN63_62,unaccented,token_boundary,0,0,
t. kon tum,LOC_VN63_62,name_variant,token_boundary,0,0,
t.kon tum,LOC_VN63_62,name_variant,token_boundary,0,0,
kon tum province,LOC_VN63_62,english_name,token_boundary,0,0,
gia lai,LOC_VN63_64,canonical,token_boundary,0,0,
tỉnh gia lai,LOC_VN63_64,official,token_boundary,0,0,
tinh gia lai,LOC_VN63_64,unaccented,token_boundary,0,0,
t. gia lai,LOC_VN63_64,name_variant,token_boundary,0,0,
t.gia lai,LOC_VN63_64,name_variant,token_boundary,0,0,
gia lai province,LOC_VN63_64,english_name,token_boundary,0,0,
đắk lắk,LOC_VN63_66,canonical,token_boundary,0,0,
dak lak,LOC_VN63_66,unaccented,token_boundary,0,0,
tỉnh đắk lắk,LOC_VN63_66,official,token_boundary,0,0,
tinh dak lak,LOC_VN63_66,unaccented,token_boundary,0,0,
t. đắk lắk,LOC_VN63_66,name_variant,token_boundary,0,0,
t. dak lak,LOC_VN63_66,unaccented,token_boundary,0,0,
t.đắk lắk,LOC_VN63_66,name_variant,token_boundary,0,0,
t.dak lak,LOC_VN63_66,unaccented,token_boundary,0,0,
dak lak province,LOC_VN63_66,english_name,token_boundary,0,0,
đắk nông,LOC_VN63_67,canonical,token_boundary,0,0,
dak nong,LOC_VN63_67,unaccented,token_boundary,0,0,
tỉnh đắk nông,LOC_VN63_67,official,token_boundary,0,0,
tinh dak nong,LOC_VN63_67,unaccented,token_boundary,0,0,
t. đắk nông,LOC_VN63_67,name_variant,token_boundary,0,0,
t. dak nong,LOC_VN63_67,unaccented,token_boundary,0,0,
t.đắk nông,LOC_VN63_67,name_variant,token_boundary,0,0,
t.dak nong,LOC_VN63_67,unaccented,token_boundary,0,0,
dak nong province,LOC_VN63_67,english_name,token_boundary,0,0,
lâm đồng,LOC_VN63_68,canonical,token_boundary,0,0,
lam dong,LOC_VN63_68,unaccented,token_boundary,0,0,
tỉnh lâm đồng,LOC_VN63_68,official,token_boundary,0,0,
tinh lam dong,LOC_VN63_68,unaccented,token_boundary,0,0,
t. lâm đồng,LOC_VN63_68,name_variant,token_boundary,0,0,
t. lam dong,LOC_VN63_68,unaccented,token_boundary,0,0,
t.lâm đồng,LOC_VN63_68,name_variant,token_boundary,0,0,
t.lam dong,LOC_VN63_68,unaccented,token_boundary,0,0,
lam dong province,LOC_VN63_68,english_name,token_boundary,0,0,
bình phước,LOC_VN63_70,canonical,token_boundary,0,0,
binh phuoc,LOC_VN63_70,unaccented,token_boundary,0,0,
tỉnh bình phước,LOC_VN63_70,official,token_boundary,0,0,
tinh binh phuoc,LOC_VN63_70,unaccented,token_boundary,0,0,
t. bình phước,LOC_VN63_70,name_variant,token_boundary,0,0,
t. binh phuoc,LOC_VN63_70,unaccented,token_boundary,0,0,
t.bình phước,LOC_VN63_70,name_variant,token_boundary,0,0,
t.binh phuoc,LOC_VN63_70,unaccented,token_boundary,0,0,
binh phuoc province,LOC_VN63_70,english_name,token_boundary,0,0,
tây ninh,LOC_VN63_72,canonical,token_boundary,0,0,
tay ninh,LOC_VN63_72,unaccented,token_boundary,0,0,
tỉnh tây ninh,LOC_VN63_72,official,token_boundary,0,0,
tinh tay ninh,LOC_VN63_72,unaccented,token_boundary,0,0,
t. tây ninh,LOC_VN63_72,name_variant,token_boundary,0,0,
t. tay ninh,LOC_VN63_72,unaccented,token_boundary,0,0,
t.tây ninh,LOC_VN63_72,name_variant,token_boundary,0,0,
t.tay ninh,LOC_VN63_72,unaccented,token_boundary,0,0,
tay ninh province,LOC_VN63_72,english_name,token_boundary,0,0,
bình dương,LOC_VN63_74,canonical,token_boundary,0,0,
binh duong,LOC_VN63_74,unaccented,token_boundary,0,0,
tỉnh bình dương,LOC_VN63_74,official,token_boundary,0,0,
tinh binh duong,LOC_VN63_74,unaccented,token_boundary,0,0,
t. bình dương,LOC_VN63_74,name_variant,token_boundary,0,0,
t. binh duong,LOC_VN63_74,unaccented,token_boundary,0,0,
t.bình dương,LOC_VN63_74,name_variant,token_boundary,0,0,
t.binh duong,LOC_VN63_74,unaccented,token_boundary,0,0,
binh duong province,LOC_VN63_74,english_name,token_boundary,0,0,
đồng nai,LOC_VN63_75,canonical,token_boundary,0,0,
dong nai,LOC_VN63_75,unaccented,token_boundary,0,0,
tỉnh đồng nai,LOC_VN63_75,official,token_boundary,0,0,
tinh dong nai,LOC_VN63_75,unaccented,token_boundary,0,0,
t. đồng nai,LOC_VN63_75,name_variant,token_boundary,0,0,
t. dong nai,LOC_VN63_75,unaccented,token_boundary,0,0,
t.đồng nai,LOC_VN63_75,name_variant,token_boundary,0,0,
t.dong nai,LOC_VN63_75,unaccented,token_boundary,0,0,
dong nai province,LOC_VN63_75,english_name,token_boundary,0,0,
bà rịa - vũng tàu,LOC_VN63_77,canonical,token_boundary,0,0,
ba ria - vung tau,LOC_VN63_77,unaccented,token_boundary,0,0,
tỉnh bà rịa - vũng tàu,LOC_VN63_77,official,token_boundary,0,0,
tinh ba ria - vung tau,LOC_VN63_77,unaccented,token_boundary,0,0,
t. bà rịa - vũng tàu,LOC_VN63_77,name_variant,token_boundary,0,0,
t. ba ria - vung tau,LOC_VN63_77,unaccented,token_boundary,0,0,
t.bà rịa - vũng tàu,LOC_VN63_77,name_variant,token_boundary,0,0,
t.ba ria - vung tau,LOC_VN63_77,unaccented,token_boundary,0,0,
ba ria vung tau province,LOC_VN63_77,english_name,token_boundary,0,0,
hồ chí minh,LOC_VN63_79,canonical,token_boundary,0,0,
ho chi minh,LOC_VN63_79,unaccented,token_boundary,0,0,
thành phố hồ chí minh,LOC_VN63_79,official,token_boundary,0,0,
thanh pho ho chi minh,LOC_VN63_79,unaccented,token_boundary,0,0,
tp. hồ chí minh,LOC_VN63_79,name_variant,token_boundary,0,0,
tp. ho chi minh,LOC_VN63_79,unaccented,token_boundary,0,0,
tp.hồ chí minh,LOC_VN63_79,name_variant,token_boundary,0,0,
tp.ho chi minh,LOC_VN63_79,unaccented,token_boundary,0,0,
tp hồ chí minh,LOC_VN63_79,name_variant,token_boundary,0,0,
tp ho chi minh,LOC_VN63_79,unaccented,token_boundary,0,0,
ho chi minh city,LOC_VN63_79,english_name,token_boundary,0,0,
long an,LOC_VN63_80,canonical,token_boundary,0,0,
tỉnh long an,LOC_VN63_80,official,token_boundary,0,0,
tinh long an,LOC_VN63_80,unaccented,token_boundary,0,0,
t. long an,LOC_VN63_80,name_variant,token_boundary,0,0,
t.long an,LOC_VN63_80,name_variant,token_boundary,0,0,
long an province,LOC_VN63_80,english_name,token_boundary,0,0,
tiền giang,LOC_VN63_82,canonical,token_boundary,0,0,
tien giang,LOC_VN63_82,unaccented,token_boundary,0,0,
tỉnh tiền giang,LOC_VN63_82,official,token_boundary,0,0,
tinh tien giang,LOC_VN63_82,unaccented,token_boundary,0,0,
t. tiền giang,LOC_VN63_82,name_variant,token_boundary,0,0,
t. tien giang,LOC_VN63_82,unaccented,token_boundary,0,0,
t.tiền giang,LOC_VN63_82,name_variant,token_boundary,0,0,
t.tien giang,LOC_VN63_82,unaccented,token_boundary,0,0,
tien giang province,LOC_VN63_82,english_name,token_boundary,0,0,
bến tre,LOC_VN63_83,canonical,token_boundary,0,0,
ben tre,LOC_VN63_83,unaccented,token_boundary,0,0,
tỉnh bến tre,LOC_VN63_83,official,token_boundary,0,0,
tinh ben tre,LOC_VN63_83,unaccented,token_boundary,0,0,
t. bến tre,LOC_VN63_83,name_variant,token_boundary,0,0,
t. ben tre,LOC_VN63_83,unaccented,token_boundary,0,0,
t.bến tre,LOC_VN63_83,name_variant,token_boundary,0,0,
t.ben tre,LOC_VN63_83,unaccented,token_boundary,0,0,
ben tre province,LOC_VN63_83,english_name,token_boundary,0,0,
trà vinh,LOC_VN63_84,canonical,token_boundary,0,0,
tra vinh,LOC_VN63_84,unaccented,token_boundary,0,0,
tỉnh trà vinh,LOC_VN63_84,official,token_boundary,0,0,
tinh tra vinh,LOC_VN63_84,unaccented,token_boundary,0,0,
t. trà vinh,LOC_VN63_84,name_variant,token_boundary,0,0,
t. tra vinh,LOC_VN63_84,unaccented,token_boundary,0,0,
t.trà vinh,LOC_VN63_84,name_variant,token_boundary,0,0,
t.tra vinh,LOC_VN63_84,unaccented,token_boundary,0,0,
tra vinh province,LOC_VN63_84,english_name,token_boundary,0,0,
vĩnh long,LOC_VN63_86,canonical,token_boundary,0,0,
vinh long,LOC_VN63_86,unaccented,token_boundary,0,0,
tỉnh vĩnh long,LOC_VN63_86,official,token_boundary,0,0,
tinh vinh long,LOC_VN63_86,unaccented,token_boundary,0,0,
t. vĩnh long,LOC_VN63_86,name_variant,token_boundary,0,0,
t. vinh long,LOC_VN63_86,unaccented,token_boundary,0,0,
t.vĩnh long,LOC_VN63_86,name_variant,token_boundary,0,0,
t.vinh long,LOC_VN63_86,unaccented,token_boundary,0,0,
vinh long province,LOC_VN63_86,english_name,token_boundary,0,0,
đồng tháp,LOC_VN63_87,canonical,token_boundary,0,0,
dong thap,LOC_VN63_87,unaccented,token_boundary,0,0,
tỉnh đồng tháp,LOC_VN63_87,official,token_boundary,0,0,
tinh dong thap,LOC_VN63_87,unaccented,token_boundary,0,0,
t. đồng tháp,LOC_VN63_87,name_variant,token_boundary,0,0,
t. dong thap,LOC_VN63_87,unaccented,token_boundary,0,0,
t.đồng tháp,LOC_VN63_87,name_variant,token_boundary,0,0,
t.dong thap,LOC_VN63_87,unaccented,token_boundary,0,0,
dong thap province,LOC_VN63_87,english_name,token_boundary,0,0,
an giang,LOC_VN63_89,canonical,token_boundary,0,0,
tỉnh an giang,LOC_VN63_89,official,token_boundary,0,0,
tinh an giang,LOC_VN63_89,unaccented,token_boundary,0,0,
t. an giang,LOC_VN63_89,name_variant,token_boundary,0,0,
t.an giang,LOC_VN63_89,name_variant,token_boundary,0,0,
an giang province,LOC_VN63_89,english_name,token_boundary,0,0,
kiên giang,LOC_VN63_91,canonical,token_boundary,0,0,
kien giang,LOC_VN63_91,unaccented,token_boundary,0,0,
tỉnh kiên giang,LOC_VN63_91,official,token_boundary,0,0,
tinh kien giang,LOC_VN63_91,unaccented,token_boundary,0,0,
t. kiên giang,LOC_VN63_91,name_variant,token_boundary,0,0,
t. kien giang,LOC_VN63_91,unaccented,token_boundary,0,0,
t.kiên giang,LOC_VN63_91,name_variant,token_boundary,0,0,
t.kien giang,LOC_VN63_91,unaccented,token_boundary,0,0,
kien giang province,LOC_VN63_91,english_name,token_boundary,0,0,
cần thơ,LOC_VN63_92,canonical,token_boundary,0,0,
can tho,LOC_VN63_92,unaccented,token_boundary,0,0,
thành phố cần thơ,LOC_VN63_92,official,token_boundary,0,0,
thanh pho can tho,LOC_VN63_92,unaccented,token_boundary,0,0,
tp. cần thơ,LOC_VN63_92,name_variant,token_boundary,0,0,
tp. can tho,LOC_VN63_92,unaccented,token_boundary,0,0,
tp.cần thơ,LOC_VN63_92,name_variant,token_boundary,0,0,
tp.can tho,LOC_VN63_92,unaccented,token_boundary,0,0,
tp cần thơ,LOC_VN63_92,name_variant,token_boundary,0,0,
tp can tho,LOC_VN63_92,unaccented,token_boundary,0,0,
can tho city,LOC_VN63_92,english_name,token_boundary,0,0,
hậu giang,LOC_VN63_93,canonical,token_boundary,0,0,
hau giang,LOC_VN63_93,unaccented,token_boundary,0,0,
tỉnh hậu giang,LOC_VN63_93,official,token_boundary,0,0,
tinh hau giang,LOC_VN63_93,unaccented,token_boundary,0,0,
t. hậu giang,LOC_VN63_93,name_variant,token_boundary,0,0,
t. hau giang,LOC_VN63_93,unaccented,token_boundary,0,0,
t.hậu giang,LOC_VN63_93,name_variant,token_boundary,0,0,
t.hau giang,LOC_VN63_93,unaccented,token_boundary,0,0,
hau giang province,LOC_VN63_93,english_name,token_boundary,0,0,
sóc trăng,LOC_VN63_94,canonical,token_boundary,0,0,
soc trang,LOC_VN63_94,unaccented,token_boundary,0,0,
tỉnh sóc trăng,LOC_VN63_94,official,token_boundary,0,0,
tinh soc trang,LOC_VN63_94,unaccented,token_boundary,0,0,
t. sóc trăng,LOC_VN63_94,name_variant,token_boundary,0,0,
t. soc trang,LOC_VN63_94,unaccented,token_boundary,0,0,
t.sóc trăng,LOC_VN63_94,name_variant,token_boundary,0,0,
t.soc trang,LOC_VN63_94,unaccented,token_boundary,0,0,
soc trang province,LOC_VN63_94,english_name,token_boundary,0,0,
bạc liêu,LOC_VN63_95,canonical,token_boundary,0,0,
bac lieu,LOC_VN63_95,unaccented,token_boundary,0,0,
tỉnh bạc liêu,LOC_VN63_95,official,token_boundary,0,0,
tinh bac lieu,LOC_VN63_95,unaccented,token_boundary,0,0,
t. bạc liêu,LOC_VN63_95,name_variant,token_boundary,0,0,
t. bac lieu,LOC_VN63_95,unaccented,token_boundary,0,0,
t.bạc liêu,LOC_VN63_95,name_variant,token_boundary,0,0,
t.bac lieu,LOC_VN63_95,unaccented,token_boundary,0,0,
bac lieu province,LOC_VN63_95,english_name,token_boundary,0,0,
cà mau,LOC_VN63_96,canonical,token_boundary,0,0,
ca mau,LOC_VN63_96,unaccented,token_boundary,0,0,
tỉnh cà mau,LOC_VN63_96,official,token_boundary,0,0,
tinh ca mau,LOC_VN63_96,unaccented,token_boundary,0,0,
t. cà mau,LOC_VN63_96,name_variant,token_boundary,0,0,
t. ca mau,LOC_VN63_96,unaccented,token_boundary,0,0,
t.cà mau,LOC_VN63_96,name_variant,token_boundary,0,0,
t.ca mau,LOC_VN63_96,unaccented,token_boundary,0,0,
ca mau province,LOC_VN63_96,english_name,token_boundary,0,0,
hoà bình,LOC_VN63_17,name_variant,token_boundary,0,0,
haiphong,LOC_VN63_31,name_variant,token_boundary,0,0,
thanh hoá,LOC_VN63_38,name_variant,token_boundary,0,0,
thừa thiên-huế,LOC_VN63_46,name_variant,token_boundary,0,0,
thua thien-hue,LOC_VN63_46,unaccented,token_boundary,0,0,
thừa thiên - huế,LOC_VN63_46,name_variant,token_boundary,0,0,
thua thien - hue,LOC_VN63_46,unaccented,token_boundary,0,0,
thuathienhue,LOC_VN63_46,name_variant,token_boundary,0,0,
tt huế,LOC_VN63_46,name_variant,token_boundary,0,0,
tt hue,LOC_VN63_46,unaccented,token_boundary,0,0,
tt. huế,LOC_VN63_46,name_variant,token_boundary,0,0,
tt. hue,LOC_VN63_46,unaccented,token_boundary,0,0,
tt.huế,LOC_VN63_46,name_variant,token_boundary,0,0,
tt.hue,LOC_VN63_46,unaccented,token_boundary,0,0,
tthuế,LOC_VN63_46,name_variant,token_boundary,0,0,
tthue,LOC_VN63_46,unaccented,token_boundary,0,0,
danang,LOC_VN63_48,name_variant,token_boundary,0,0,
đànẵng,LOC_VN63_48,name_variant,token_boundary,0,0,
tp danang,LOC_VN63_48,name_variant,token_boundary,0,0,
khánh hoà,LOC_VN63_56,name_variant,token_boundary,0,0,
kontum,LOC_VN63_62,name_variant,token_boundary,0,0,
đăk lăk,LOC_VN63_66,name_variant,token_boundary,0,0,
đắc lắc,LOC_VN63_66,name_variant,token_boundary,0,0,
dac lac,LOC_VN63_66,unaccented,token_boundary,0,0,
đắk lăk,LOC_VN63_66,name_variant,token_boundary,0,0,
đăk lắk,LOC_VN63_66,name_variant,token_boundary,0,0,
daklak,LOC_VN63_66,name_variant,token_boundary,0,0,
đăk nông,LOC_VN63_67,name_variant,token_boundary,0,0,
đắc nông,LOC_VN63_67,name_variant,token_boundary,0,0,
dac nong,LOC_VN63_67,unaccented,token_boundary,0,0,
daknong,LOC_VN63_67,name_variant,token_boundary,0,0,
bà rịa-vũng tàu,LOC_VN63_77,name_variant,token_boundary,0,0,
ba ria-vung tau,LOC_VN63_77,unaccented,token_boundary,0,0,
bà rịa vũng tàu,LOC_VN63_77,name_variant,token_boundary,0,0,
ba ria vung tau,LOC_VN63_77,unaccented,token_boundary,0,0,
hochiminh,LOC_VN63_79,name_variant,token_boundary,0,0,
hochiminh city,LOC_VN63_79,name_variant,token_boundary,0,0,
tp.hcm,LOC_VN63_79,name_variant,token_boundary,0,0,
tp. hcm,LOC_VN63_79,name_variant,token_boundary,0,0,
tp hcm,LOC_VN63_79,name_variant,token_boundary,0,0,
tphcm,LOC_VN63_79,name_variant,token_boundary,0,0,
hcmc,LOC_VN63_79,abbreviation,token_boundary,0,1,
hcm city,LOC_VN63_79,name_variant,token_boundary,0,0,
hcm,LOC_VN63_79,abbreviation,token_boundary,0,1,
sài gòn,LOC_VN63_79,name_variant,token_boundary,0,0,
sai gon,LOC_VN63_79,unaccented,token_boundary,0,0,
saigon,LOC_VN63_79,name_variant,token_boundary,0,0,
sàigòn,LOC_VN63_79,name_variant,token_boundary,0,0,
cantho,LOC_VN63_92,name_variant,token_boundary,0,0,
hanoi,LOC_VN63_01,name_variant,token_boundary,0,0,
hànội,LOC_VN63_01,name_variant,token_boundary,0,0,
tp hanoi,LOC_VN63_01,name_variant,token_boundary,0,0,
bắc cạn,LOC_VN63_06,name_variant,token_boundary,0,0,
bac can,LOC_VN63_06,unaccented,token_boundary,0,0,
backan,LOC_VN63_06,name_variant,token_boundary,0,0,
huế,LOC_VN63_46,historical_reference_mapping,token_boundary,0,0,
hue,LOC_VN63_46,unaccented,token_boundary,0,0,
hué,LOC_VN63_46,historical_reference_mapping,token_boundary,0,0,
thành phố huế,LOC_VN63_46,historical_reference_mapping,token_boundary,0,0,
thanh pho hue,LOC_VN63_46,unaccented,token_boundary,0,0,
tp huế,LOC_VN63_46,historical_reference_mapping,token_boundary,0,0,
tp hue,LOC_VN63_46,unaccented,token_boundary,0,0,
tp. huế,LOC_VN63_46,historical_reference_mapping,token_boundary,0,0,
tp. hue,LOC_VN63_46,unaccented,token_boundary,0,0,
tp.huế,LOC_VN63_46,historical_reference_mapping,token_boundary,0,0,
tp.hue,LOC_VN63_46,unaccented,token_boundary,0,0,
hue city,LOC_VN63_46,historical_reference_mapping,token_boundary,0,0,
hp,LOC_VN63_31,abbreviation,token_boundary,0,1,
tth,LOC_VN63_46,abbreviation,token_boundary,0,1,
tt-huế,LOC_VN63_46,abbreviation,token_boundary,0,1,
tt-hue,LOC_VN63_46,abbreviation,token_boundary,0,1,
brvt,LOC_VN63_77,abbreviation,token_boundary,0,1,
br-vt,LOC_VN63_77,abbreviation,token_boundary,0,1,
br vt,LOC_VN63_77,abbreviation,token_boundary,0,1,
br.vt,LOC_VN63_77,abbreviation,token_boundary,0,1,
sg,LOC_VN63_79,abbreviation,token_boundary,0,1,
hn,LOC_VN63_01,abbreviation,token_boundary,0,1,
h.n.,LOC_VN63_01,abbreviation,token_boundary,0,1,
