location_id,province_code,location_name,location_name_normalized,location_type
LOC_VN63_01,01,Hà Nội,ha noi,municipality
LOC_VN63_02,02,Hà Giang,ha giang,province
LOC_VN63_04,04,Cao Bằng,cao bang,province
LOC_VN63_06,06,Bắc Kạn,bac kan,province
LOC_VN63_08,08,Tuyên Quang,tuyen quang,province
LOC_VN63_10,10,Lào Cai,lao cai,province
LOC_VN63_11,11,Điện Biên,dien bien,province
LOC_VN63_12,12,Lai Châu,lai chau,province
LOC_VN63_14,14,Sơn La,son la,province
LOC_VN63_15,15,Yên Bái,yen bai,province
LOC_VN63_17,17,Hòa Bình,hoa binh,province
LOC_VN63_19,19,Thái Nguyên,thai nguyen,province
LOC_VN63_20,20,Lạng Sơn,lang son,province
LOC_VN63_22,22,Quảng Ninh,quang ninh,province
LOC_VN63_24,24,Bắc Giang,bac giang,province
LOC_VN63_25,25,Phú Thọ,phu tho,province
LOC_VN63_26,26,Vĩnh Phúc,vinh phuc,province
LOC_VN63_27,27,Bắc Ninh,bac ninh,province
LOC_VN63_30,30,Hải Dương,hai duong,province
LOC_VN63_31,31,Hải Phòng,hai phong,municipality
LOC_VN63_33,33,Hưng Yên,hung yen,province
LOC_VN63_34,34,Thái Bình,thai binh,province
LOC_VN63_35,35,Hà Nam,ha nam,province
LOC_VN63_36,36,Nam Định,nam dinh,province
LOC_VN63_37,37,Ninh Bình,ninh binh,province
LOC_VN63_38,38,Thanh Hóa,thanh hoa,province
LOC_VN63_40,40,Nghệ An,nghe an,province
LOC_VN63_42,42,Hà Tĩnh,ha tinh,province
LOC_VN63_44,44,Quảng Bình,quang binh,province
LOC_VN63_45,45,Quảng Trị,quang tri,province
LOC_VN63_46,46,Thừa Thiên Huế,thua thien hue,province
LOC_VN63_48,48,Đà Nẵng,da nang,municipality
LOC_VN63_49,49,Quảng Nam,quang nam,province
LOC_VN63_51,51,Quảng Ngãi,quang ngai,province
LOC_VN63_52,52,Bình Định,binh dinh,province
LOC_VN63_54,54,Phú Yên,phu yen,province
LOC_VN63_56,56,Khánh Hòa,khanh hoa,province
LOC_VN63_58,58,Ninh Thuận,ninh thuan,province
LOC_VN63_60,60,Bình Thuận,binh thuan,province
LOC_VN63_62,62,Kon Tum,kon tum,province
LOC_VN63_64,64,Gia Lai,gia lai,province
LOC_VN63_66,66,Đắk Lắk,dak lak,province
LOC_VN63_67,67,Đắk Nông,dak nong,province
LOC_VN63_68,68,Lâm Đồng,lam dong,province
LOC_VN63_70,70,Bình Phước,binh phuoc,province
LOC_VN63_72,72,Tây Ninh,tay ninh,province
LOC_VN63_74,74,Bình Dương,binh duong,province
LOC_VN63_75,75,Đồng Nai,dong nai,province
LOC_VN63_77,77,Bà Rịa - Vũng Tàu,ba ria vung tau,province
LOC_VN63_79,79,Hồ Chí Minh,ho chi minh,municipality
LOC_VN63_80,80,Long An,long an,province
LOC_VN63_82,82,Tiền Giang,tien giang,province
LOC_VN63_83,83,Bến Tre,ben tre,province
LOC_VN63_84,84,Trà Vinh,tra vinh,province
LOC_VN63_86,86,Vĩnh Long,vinh long,province
LOC_VN63_87,87,Đồng Tháp,dong thap,province
LOC_VN63_89,89,An Giang,an giang,province
LOC_VN63_91,91,Kiên Giang,kien giang,province
LOC_VN63_92,92,Cần Thơ,can tho,municipality
LOC_VN63_93,93,Hậu Giang,hau giang,province
LOC_VN63_94,94,Sóc Trăng,soc trang,province
LOC_VN63_95,95,Bạc Liêu,bac lieu,province
LOC_VN63_96,96,Cà Mau,ca mau,province
